StartDate,EndDate,Status,IPAddress,Progress,Duration (in seconds),Finished,RecordedDate,ResponseId,RecipientLastName,RecipientFirstName,RecipientEmail,ExternalReference,LocationLatitude,LocationLongitude,DistributionChannel,UserLanguage,consentQ,S_G_M_M_1,S_G_H_1,S_G_R_1,R_G_M_M_1,R_G_H_1,R_G_R_1,F_B_M_M_1,F_B_H_1,F_B_R_1,A_B_M_M_1,A_B_H_1,A_B_R_1,J_N_M_M_1,J_N_H_1,J_N_R_1,C_N_M_M_1,C_N_H_1,C_N_R_1,attn_chk_1Q,attn_chk_2_Q,age,gender,gender_4_TEXT,random_ID,PROLIFIC_PID,STUDY_ID,SESSION_ID
Start Date,End Date,Response Type,IP Address,Progress,Duration (in seconds),Finished,Recorded Date,Response ID,Recipient Last Name,Recipient First Name,Recipient Email,External Data Reference,Location Latitude,Location Longitude,Distribution Channel,User Language,Do you agree to take part?,Please rate Sam according to how immoral or moral you view them: - Move the slider to rate the person from 0 (Very Immoral) to 100 (Very Moral),The following scale represents humanness levels. Please rate the humanness of Sam - Move the slider to rate the person from 0 (Not at all Human) to 100 (Very Human),The following scale represents relatableness levels. Please rate the relatableness of Sam - Move the slider to rate the person from 0 (Not at all Relatable) to 100 (Very Relatable),Please rate Robin according to how immoral or moral you view them: - Move the slider to rate the person from 0 (Very Immoral) to 100 (Very Moral),The following scale represents humanness levels. Please rate the humanness of Robin - Move the slider to rate the person from 0 (Not at all Human) to 100 (Very Human),The following scale represents relatableness levels. Please rate the relatableness of Robin - Move the slider to rate the person from 0 (Not at all Relatable) to 100 (Very Relatable),Please rate Francis according to how immoral or moral you view them: - Move the slider to rate the person from 0 (Very Immoral) to 100 (Very Moral),The following scale represents humanness levels. Please rate the humanness of Francis - Move the slider to rate the person from 0 (Not at all Human) to 100 (Very Human),The following scale represents relatableness levels. Please rate the relatableness of Francis - Move the slider to rate the person from 0 (Not at all Relatable) to 100 (Very Relatable),Please rate Alex according to how immoral or moral you view them: - Move the slider to rate the person from 0 (Very Immoral) to 100 (Very Moral),The following scale represents humanness levels. Please rate the humanness of Alex - Move the slider to rate the person from 0 (Not at all Human) to 100 (Very Human),The following scale represents relatableness levels. Please rate the relatableness of Alex - Move the slider to rate the person from 0 (Not at all Relatable) to 100 (Very Relatable),Please rate Jordan according to how immoral or moral you view them: - Move the slider to rate the person from 0 (Very Immoral) to 100 (Very Moral),The following scale represents humanness levels. Please rate the humanness of Jordan - Move the slider to rate the person from 0 (Not at all Human) to 100 (Very Human),The following scale represents relatableness levels. Please rate the relatableness of Jordan - Move the slider to rate the person from 0 (Not at all Relatable) to 100 (Very Relatable),Please rate Charlie according to how immoral or moral you view them: - Move the slider to rate the person from 0 (Very Immoral) to 100 (Very Moral),The following scale represents humanness levels. Please rate the humanness of Charlie - Move the slider to rate the person from 0 (Not at all Human) to 100 (Very Human),The following scale represents relatableness levels. Please rate the relatableness of Charlie - Move the slider to rate the person from 0 (Not at all Relatable) to 100 (Very Relatable),Please select a word that describes how you are currently feeling:,Select one,Please provide your age in numerals,How would you describe yourself? - Selected Choice,How would you describe yourself? - Prefer to self-describe - Text,random_ID,PROLIFIC_PID,STUDY_ID,SESSION_ID
"{""ImportId"":""startDate"",""timeZone"":""America/Denver""}","{""ImportId"":""endDate"",""timeZone"":""America/Denver""}","{""ImportId"":""status""}","{""ImportId"":""ipAddress""}","{""ImportId"":""progress""}","{""ImportId"":""duration""}","{""ImportId"":""finished""}","{""ImportId"":""recordedDate"",""timeZone"":""America/Denver""}","{""ImportId"":""_recordId""}","{""ImportId"":""recipientLastName""}","{""ImportId"":""recipientFirstName""}","{""ImportId"":""recipientEmail""}","{""ImportId"":""externalDataReference""}","{""ImportId"":""locationLatitude""}","{""ImportId"":""locationLongitude""}","{""ImportId"":""distributionChannel""}","{""ImportId"":""userLanguage""}","{""ImportId"":""QID1""}","{""ImportId"":""QID38_1""}","{""ImportId"":""QID73_1""}","{""ImportId"":""QID75_1""}","{""ImportId"":""QID87_1""}","{""ImportId"":""QID88_1""}","{""ImportId"":""QID89_1""}","{""ImportId"":""QID79_1""}","{""ImportId"":""QID80_1""}","{""ImportId"":""QID81_1""}","{""ImportId"":""QID83_1""}","{""ImportId"":""QID84_1""}","{""ImportId"":""QID85_1""}","{""ImportId"":""QID91_1""}","{""ImportId"":""QID92_1""}","{""ImportId"":""QID93_1""}","{""ImportId"":""QID95_1""}","{""ImportId"":""QID96_1""}","{""ImportId"":""QID97_1""}","{""ImportId"":""QID63""}","{""ImportId"":""QID61""}","{""ImportId"":""QID64_TEXT""}","{""ImportId"":""QID65""}","{""ImportId"":""QID65_4_TEXT""}","{""ImportId"":""random_ID""}","{""ImportId"":""PROLIFIC_PID""}","{""ImportId"":""STUDY_ID""}","{""ImportId"":""SESSION_ID""}"
2025-04-30 03:58:33,2025-04-30 04:01:14,0,64.43.50.99,100,161,1,2025-04-30 04:01:14,R_8ONzj2YX71rzJCf,,,,,53.3855,-6.2836,anonymous,EN,1,83,77,78,23,74,69,73,24,71,35,37,35,72,76,75,41,41,33,7,2,36,1,,1964,5ea6083f726e4c000ab3daa4,63d7d2051548733cba9719c6,0i9dvse7q1b
2025-04-30 04:07:39,2025-04-30 04:09:17,0,31.94.18.159,100,98,1,2025-04-30 04:09:18,R_8Um2asnR0A5jj2h,,,,,51.4862,-0.1008,anonymous,EN,1,82,77,79,87,79,86,26,27,19,29,27,15,51,50,53,58,53,72,7,2,37,1,,6186,5dbf5fe16849043f135aa2c0,63d7d2051548733cba9719c6,6811f6662b6a59b7bacf70a8
2025-04-30 04:07:31,2025-04-30 04:09:24,0,174.55.108.181,100,113,1,2025-04-30 04:09:25,R_1BzxZyCufj0DpWM,,,,,41.1397,-77.443,anonymous,EN,1,100,100,92,96,100,85,0,9,16,3,21,6,82,90,28,79,95,42,7,2,30,1,,7629,57dd186e6598aa0001992616,63d7d2051548733cba9719c6,6811f659def71fd093ac8dae
2025-04-30 04:07:31,2025-04-30 04:09:28,0,96.245.0.212,100,117,1,2025-04-30 04:09:28,R_1lskiT14r54yl0k,,,,,39.9206,-75.1826,anonymous,EN,1,87,86,90,72,72,78,0,1,3,0,6,8,89,86,87,81,90,88,7,2,38,1,,2694,5f16f559325a640008bb9a07,63d7d2051548733cba9719c6,6811f65bd1f0edd7786547c4
2025-04-30 04:07:31,2025-04-30 04:09:34,0,145.40.154.75,100,123,1,2025-04-30 04:09:35,R_8jeO4afOvc0BuUI,,,,,50.8976,-1.4004,anonymous,EN,1,78,73,76,82,77,78,3,5,8,6,6,7,72,70,70,75,71,66,1,2,37,2,,9650,65ae7ac0e8920c4c9a27b63d,63d7d2051548733cba9719c6,6811f65c8e457595e6bc3c6f
2025-04-30 04:07:23,2025-04-30 04:09:36,0,81.97.151.60,100,132,1,2025-04-30 04:09:36,R_2Cv9muhc6X82bSW,,,,,51.5042,-0.2199,anonymous,EN,1,100,100,90,100,100,90,0,0,0,0,30,0,50,100,100,50,100,100,7,2,45,1,,1031,63cfee94707bca4ddee3eb05,63d7d2051548733cba9719c6,6811f6557b2f94c177cde4a7
2025-04-30 04:07:44,2025-04-30 04:09:39,0,176.25.169.46,100,114,1,2025-04-30 04:09:40,R_2UhFqSy2dV7j6XQ,,,,,52.3728,-2.2522,anonymous,EN,1,64,41,34,79,76,29,72,73,70,81,57,42,79,78,79,81,75,42,7,2,34,1,,6448,6773db82cbb90220f9271d38,63d7d2051548733cba9719c6,6811f662c223ec23de98d059
2025-04-30 04:08:03,2025-04-30 04:09:49,0,51.199.49.221,100,105,1,2025-04-30 04:09:49,R_2QsmyHaEkCx4XmT,,,,,53.1435,-7.0693,anonymous,EN,1,100,100,100,100,100,100,0,0,0,0,0,0,50,50,50,50,50,50,7,5,39,1,,7787,609c34dac301d73f3684005d,63d7d2051548733cba9719c6,6811f6622de4ef7674abdf34
2025-04-30 04:07:57,2025-04-30 04:09:51,0,84.64.79.98,100,113,1,2025-04-30 04:09:51,R_8DBC8CWNpHKxNvg,,,,,55.8733,-3.1587,anonymous,EN,1,83,82,79,81,82,81,14,18,19,8,8,8,50,50,50,50,50,50,7,2,28,1,,8086,6717a695635ae7f7518a1ad4,63d7d2051548733cba9719c6,6811f659721a55ff9661864b
2025-04-30 04:07:38,2025-04-30 04:09:59,0,176.26.132.156,100,141,1,2025-04-30 04:10:00,R_2is7PxPRxw5uemJ,,,,,51.6611,-3.4526,anonymous,EN,1,96,80,77,95,67,35,1,69,30,7,84,44,58,96,86,50,96,91,7,2,23,1,,7382,67334911eb1de6dd02fc126a,63d7d2051548733cba9719c6,6811f6585b4bd733f73352f1
2025-04-30 04:07:55,2025-04-30 04:10:04,0,77.86.50.170,100,128,1,2025-04-30 04:10:04,R_2Fmnuicp8rzLdlq,,,,,53.7827,-0.3189,anonymous,EN,1,91,93,89,92,71,60,9,19,10,18,29,19,50,70,50,50,70,71,7,5,47,2,,2330,5a86e1a4eea3d300016e7981,63d7d2051548733cba9719c6,6811f65efb074f636184d32c
2025-04-30 04:07:41,2025-04-30 04:10:14,0,88.97.195.46,100,152,1,2025-04-30 04:10:14,R_87lOfM413e8nB6d,,,,,54.571,-1.316,anonymous,EN,1,100,100,87,100,90,79,3,20,2,0,2,0,91,97,65,100,100,64,7,2,31,1,,7935,66db5eed3a156e88aaf4ad43,63d7d2051548733cba9719c6,6811f660996d5be0d27b0481
2025-04-30 04:07:57,2025-04-30 04:10:15,0,81.103.160.188,100,137,1,2025-04-30 04:10:15,R_2F9Cck91Oxybzt2,,,,,51.4048,0.0098,anonymous,EN,1,88,89,83,87,82,80,12,43,25,15,23,23,73,77,80,66,74,84,7,2,51,1,,2127,632c673f8b99c86ac2fba537,63d7d2051548733cba9719c6,6811f6748bf63bbbd2f2243a
2025-04-30 04:07:36,2025-04-30 04:10:18,0,144.32.240.25,100,162,1,2025-04-30 04:10:19,R_2BeoGpeUS4y5odF,,,,,53.9573,-1.0837,anonymous,EN,1,89,89,80,100,100,73,0,0,0,5,17,12,77,85,73,87,97,80,7,2,19,1,,1437,66af7d3341a0cc20bf6a00b7,63d7d2051548733cba9719c6,6811f65f2204ed7019bbc457
2025-04-30 04:07:52,2025-04-30 04:10:30,0,109.181.149.91,100,157,1,2025-04-30 04:10:30,R_8EMCfk4bE1a0WeF,,,,,51.521,-3.2037,anonymous,EN,1,86,90,79,76,87,71,2,2,2,1,2,0,50,50,50,50,50,50,7,2,60,1,,1297,5ac8a695e1099600016aaae4,63d7d2051548733cba9719c6,6811f672f2237bca9185b91e
2025-04-30 04:08:02,2025-04-30 04:10:31,0,88.209.232.58,100,148,1,2025-04-30 04:10:31,R_1koeWDXqi7UbiPD,,,,,40.7965,-124.1737,anonymous,EN,1,100,100,100,100,100,100,0,0,0,0,0,0,50,100,100,50,100,100,7,5,52,2,,1788,67cff294c53fe0a4499240d9,63d7d2051548733cba9719c6,6811f66807582b0a460b6551
2025-04-30 04:07:30,2025-04-30 04:10:32,0,82.132.217.214,100,181,1,2025-04-30 04:10:32,R_21YjKS5cdoJkNjY,,,,,55.9025,-4.1085,anonymous,EN,1,90,85,80,90,90,80,10,30,40,10,5,10,50,75,35,50,75,35,7,2,39,1,,1978,5a8367b9190420000155ec2a,63d7d2051548733cba9719c6,6811f65aa3445cdf2d5d3014
2025-04-30 04:07:43,2025-04-30 04:10:34,0,86.11.165.97,100,170,1,2025-04-30 04:10:34,R_2cSxhNhwY8f4aSn,,,,,51.2105,-1.5001,anonymous,EN,1,81,78,58,61,79,63,11,17,21,8,18,11,50,59,58,50,50,72,7,5,40,2,,2653,665b1c70895ff62a86e1483e,63d7d2051548733cba9719c6,6811f66390ab8f031093fde2
2025-04-30 04:07:32,2025-04-30 04:10:36,0,82.132.233.78,100,183,1,2025-04-30 04:10:36,R_8DHban2HBhkqP2V,,,,,51.5638,-0.0765,anonymous,EN,1,89,99,40,72,99,60,28,99,18,17,98,13,60,99,40,60,97,48,7,2,52,2,,5230,6575c4ea606a4f38b29e4e5d,63d7d2051548733cba9719c6,6811f658594d3a14b41839b3
2025-04-30 04:07:58,2025-04-30 04:10:37,0,81.129.231.241,100,158,1,2025-04-30 04:10:37,R_2MIzd6oTlHV7quJ,,,,,51.4351,-2.5419,anonymous,EN,1,86,94,86,100,93,79,6,12,16,8,18,15,71,87,70,68,84,76,7,2,43,2,,9200,6765b501bf830acd8f0e20ba,63d7d2051548733cba9719c6,6811f67903c6f754ac3bd990
2025-04-30 04:07:49,2025-04-30 04:10:43,0,45.143.112.141,100,173,1,2025-04-30 04:10:43,R_8aKbBENABegvWxz,,,,,51.2959,-2.5408,anonymous,EN,1,100,100,100,100,90,89,0,0,0,0,2,0,81,77,61,91,73,59,7,2,69,2,,7750,66c8a81f25959e5f183e2bb3,63d7d2051548733cba9719c6,6811f65f3661fae94a30c5c3
2025-04-30 04:08:06,2025-04-30 04:10:45,0,194.60.38.227,100,158,1,2025-04-30 04:10:45,R_8M50k09ZKsWR42n,,,,,51.4933,-0.1141,anonymous,EN,1,75,64,67,83,93,62,9,41,20,29,58,23,50,81,74,50,81,73,7,5,30,1,,7574,62e9599e82332eaa3b4fc205,63d7d2051548733cba9719c6,6811f6820b54c365132f9ac1
2025-04-30 04:07:30,2025-04-30 04:10:50,0,90.242.90.173,100,200,1,2025-04-30 04:10:51,R_8KQk9JTCxsKbGDL,,,,,53.7037,-1.639,anonymous,EN,1,100,100,80,90,100,20,0,8,0,0,20,0,61,100,40,50,100,30,7,5,32,2,,9793,6753746b1f8827e2bd586bf0,63d7d2051548733cba9719c6,6811f65aaace1f3d78452f66
2025-04-30 04:07:26,2025-04-30 04:10:55,0,209.198.129.199,100,208,1,2025-04-30 04:10:55,R_2dirfwq9wxFkWc3,,,,,51.5081,-0.1278,anonymous,EN,1,90,90,70,90,90,80,10,80,10,10,80,10,70,90,60,70,90,40,7,2,49,2,,3544,66acb44aee4f1d1331c31aea,63d7d2051548733cba9719c6,6811f6531544057bc48875c4
2025-04-30 04:07:58,2025-04-30 04:10:57,0,90.194.169.79,100,178,1,2025-04-30 04:10:57,R_8N0x5Wdr9nauvzb,,,,,55.9495,-3.1983,anonymous,EN,1,81,80,80,80,80,71,9,19,12,14,17,6,50,83,80,50,81,81,7,2,52,2,,1464,66e48a2f722b573550b3796f,63d7d2051548733cba9719c6,6811f665e023eb5a7c6388f1
2025-04-30 04:07:46,2025-04-30 04:10:57,0,82.132.217.32,100,191,1,2025-04-30 04:10:58,R_2QGdjRPbzlFi614,,,,,55.9025,-4.1085,anonymous,EN,1,90,100,64,90,100,60,10,75,20,10,60,10,70,100,70,60,100,80,7,2,32,1,,7661,5ff300745161777d3690e334,63d7d2051548733cba9719c6,6811f66c52953e981b3370c9
2025-04-30 04:07:25,2025-04-30 04:11:00,0,217.8.10.172,100,215,1,2025-04-30 04:11:00,R_81hSnjgW6PAlVUw,,,,,52.9648,-1.2132,anonymous,EN,1,92,95,91,94,88,75,5,40,5,15,55,10,75,78,60,65,90,60,7,5,53,1,,3923,5f3ec93efbd299158253f283,63d7d2051548733cba9719c6,6811f654c69e1a94325cdac8
2025-04-30 04:07:47,2025-04-30 04:11:04,0,86.135.208.33,100,196,1,2025-04-30 04:11:04,R_2WCsNPnoHe0zeJc,,,,,51.432,-0.1699,anonymous,EN,1,96,82,71,100,100,60,10,40,10,3,30,22,80,100,90,80,100,82,7,2,58,1,,9191,5c546c0cb7cf140001d331b8,63d7d2051548733cba9719c6,6811f66de781065ea698d02d
2025-04-30 04:07:24,2025-04-30 04:11:10,0,81.105.139.168,100,226,1,2025-04-30 04:11:11,R_8feMVmnzOj2SeIP,,,,,55.8309,-4.2143,anonymous,EN,1,90,90,90,90,90,90,20,20,80,10,10,90,80,80,90,80,80,80,7,2,56,2,,5654,67cdb9db623de444e19e6fe6,63d7d2051548733cba9719c6,6811f65651f2bc6461812e3d
2025-04-30 04:07:25,2025-04-30 04:11:10,0,95.144.63.224,100,224,1,2025-04-30 04:11:11,R_8GoeZJAsnrE9kYx,,,,,52.6049,-1.1488,anonymous,EN,1,40,63,71,100,100,100,50,50,50,50,50,50,100,100,100,100,100,100,7,5,41,1,,7972,6734cb8c5c6a67e3eaf34c6c,63d7d2051548733cba9719c6,6811f6573d0a31681008d7ad
2025-04-30 04:07:45,2025-04-30 04:11:12,0,104.243.7.34,100,207,1,2025-04-30 04:11:13,R_7eaSbJVZRk5GPIc,,,,,28.6035,-96.6262,anonymous,EN,1,90,90,68,89,84,69,24,58,46,39,64,56,72,87,77,70,83,70,7,2,23,1,,6739,66d66b84fcefd5737460c737,63d7d2051548733cba9719c6,6811f66a8f5e78a06f513e66
2025-04-30 04:08:07,2025-04-30 04:11:18,0,162.213.3.69,100,190,1,2025-04-30 04:11:18,R_3vjGqlsS5rfOFjN,,,,,34.0544,-118.244,anonymous,EN,1,91,86,82,84,89,87,74,76,80,77,77,88,85,98,78,80,82,83,7,2,32,1,,1938,67df850f53eead84e50f896b,63d7d2051548733cba9719c6,6811f67d73eb939266e3b316
2025-04-30 04:07:38,2025-04-30 04:11:18,0,77.101.61.126,100,220,1,2025-04-30 04:11:18,R_2jpVb1qJz3swLG9,,,,,51.6449,-0.043,anonymous,EN,1,95,90,85,85,95,65,0,5,5,0,5,10,50,70,25,50,85,90,7,2,40,1,,6511,5fd8ea198512a801831f6b85,63d7d2051548733cba9719c6,6811f6641b11d143ba32b1f3
2025-04-30 04:07:42,2025-04-30 04:11:22,0,149.71.23.199,100,220,1,2025-04-30 04:11:23,R_2yFJdQAV4dXg8i5,,,,,53.7426,-0.3295,anonymous,EN,1,94,76,70,90,90,75,3,24,3,15,40,10,50,77,59,50,95,54,7,2,54,1,,8788,6596a3a22d0772e300a5aab3,63d7d2051548733cba9719c6,6811f66737651169b39a18a6
2025-04-30 04:07:41,2025-04-30 04:11:26,0,194.125.87.238,100,224,1,2025-04-30 04:11:26,R_8ALlbYC29NJGcJz,,,,,51.8755,-8.493,anonymous,EN,1,80,80,80,75,90,60,10,25,10,20,35,30,50,80,50,50,80,50,7,2,43,1,,8972,6721590addccc00ea165172c,63d7d2051548733cba9719c6,6811f65f83a2c8045928221c
2025-04-30 04:08:05,2025-04-30 04:11:38,0,46.203.114.182,100,213,1,2025-04-30 04:11:38,R_7hYiHdXXBovH8X6,,,,,40.6817,-73.8395,anonymous,EN,1,80,78,81,69,73,73,32,39,39,35,37,34,60,62,62,71,67,71,7,2,23,2,,4587,67ed4d1ac9661acf11448b94,63d7d2051548733cba9719c6,6811f6645885da55f4977027
2025-04-30 04:07:34,2025-04-30 04:11:47,0,172.59.185.244,100,253,1,2025-04-30 04:11:47,R_1psyDF6JydH5dmx,,,,,41.8835,-87.6305,anonymous,EN,1,76,84,82,94,90,96,30,28,22,30,22,24,54,58,55,50,68,63,7,2,61,2,,1846,67cdc3c7ea7918dcd6f2ab2d,63d7d2051548733cba9719c6,6811f65d1ea2158693ac8e05
2025-04-30 04:07:53,2025-04-30 04:11:48,0,100.16.247.151,100,235,1,2025-04-30 04:11:48,R_7CNpwjjqdHGCUcb,,,,,39.0715,-76.6963,anonymous,EN,1,80,75,70,70,80,65,40,60,50,30,40,30,70,70,50,70,70,60,7,2,49,1,,2665,5e0e60798205265be682850e,63d7d2051548733cba9719c6,6811f66b03bc64b9cb463e46
2025-04-30 04:07:37,2025-04-30 04:11:49,0,185.254.151.52,100,252,1,2025-04-30 04:11:50,R_8QrpuzaEfbpkKzc,,,,,50.4677,-4.7226,anonymous,EN,1,80,80,80,80,80,75,10,43,62,30,60,60,80,79,79,60,80,81,1,5,53,2,,4194,6164908c41d39fa499903e82,63d7d2051548733cba9719c6,6811f663644f4634c3142e48
2025-04-30 04:07:54,2025-04-30 04:12:03,0,31.94.8.234,100,249,1,2025-04-30 04:12:04,R_2cB1B6kTG7cryeL,,,,,52.547,-1.9396,anonymous,EN,1,90,90,77,78,87,68,0,10,0,10,25,0,50,83,50,50,90,50,7,2,29,1,,3484,601c277aabe00c6bc759bf69,63d7d2051548733cba9719c6,6811f66bc25ab5457606bc3c
2025-04-30 04:08:05,2025-04-30 04:12:04,0,216.120.189.135,100,239,1,2025-04-30 04:12:05,R_2SqvakRNHHmljxf,,,,,51.5081,-0.1278,anonymous,EN,1,68,58,71,53,59,50,55,52,52,55,52,56,50,50,67,50,47,63,7,2,35,2,,2753,673c8c2a86f12a6e2c1764a4,63d7d2051548733cba9719c6,6811f672b170ed62ef2730a3
2025-04-30 04:10:01,2025-04-30 04:12:10,0,94.7.87.145,100,128,1,2025-04-30 04:12:10,R_2xVhsBrOYVIENhz,,,,,53.484,-2.0892,anonymous,EN,1,94,90,77,83,80,55,31,57,23,28,54,11,83,87,90,73,90,94,2,2,33,1,,3259,676aa3d5f636e61eea483766,63d7d2051548733cba9719c6,6811f65dc223ec23de98d054
2025-04-30 04:07:41,2025-04-30 04:12:11,0,94.7.50.198,100,269,1,2025-04-30 04:12:11,R_8dRPH5LLQjqy933,,,,,53.4767,-2.0895,anonymous,EN,1,100,100,100,100,100,100,0,0,0,0,0,0,100,100,100,100,100,100,7,2,50,2,,5854,5c50efd2cc71f4000125ce0d,63d7d2051548733cba9719c6,6811f6624cb581a222834a0f
2025-04-30 04:07:54,2025-04-30 04:12:11,0,63.113.28.37,100,257,1,2025-04-30 04:12:12,R_7YAu1KgNpOYloiZ,,,,,40.8784,-82.6541,anonymous,EN,1,100,100,100,100,100,100,0,0,0,0,0,0,90,90,100,100,100,90,7,5,42,1,,2065,67e72ef54c220e0f0df2f2fb,63d7d2051548733cba9719c6,6811f660335150b6cd596690
2025-04-30 04:08:32,2025-04-30 04:12:16,0,90.215.243.242,100,223,1,2025-04-30 04:12:16,R_8GSG0SBiCIaYouJ,,,,,52.6259,1.3032,anonymous,EN,1,98,100,29,95,100,30,8,5,0,8,5,0,81,71,29,80,90,97,7,2,61,1,,9742,58cd0bc2a47dbb000171dc8b,63d7d2051548733cba9719c6,6811f69ab8622eff993e13a3
2025-04-30 04:07:34,2025-04-30 04:12:17,0,172.58.5.144,100,283,1,2025-04-30 04:12:17,R_6M16AfqoHa4dcFr,,,,,33.7722,-84.3928,anonymous,EN,1,90,88,93,93,96,92,11,37,38,8,15,23,59,63,62,69,75,81,7,5,20,1,,7980,67f18f6eec788e9da2056577,63d7d2051548733cba9719c6,6811f65978415103363557e5
2025-04-30 04:07:48,2025-04-30 04:12:21,0,91.124.134.101,100,272,1,2025-04-30 04:12:21,R_1jDnH5vau5h7wmz,,,,,37.751,-97.822,anonymous,EN,1,90,91,88,92,93,84,28,17,33,9,30,20,50,50,58,50,50,56,7,2,48,1,,4523,672b3a3995b99c521d07d2fb,63d7d2051548733cba9719c6,6811f6681606cd48cbce1b93
2025-04-30 04:08:44,2025-04-30 04:12:21,0,51.6.30.232,100,217,1,2025-04-30 04:12:22,R_2qElpBAnbmliozh,,,,,50.8546,0.5362,anonymous,EN,1,100,100,72,100,100,19,0,20,0,22,20,6,50,100,29,50,100,34,7,2,31,2,,5047,5eaadc0a7adeb404eea9c3c0,63d7d2051548733cba9719c6,6811f6a37edc4227c554f2c6
2025-04-30 04:08:50,2025-04-30 04:12:22,0,86.31.63.6,100,211,1,2025-04-30 04:12:23,R_2L5ZOPG9z9MxwGJ,,,,,52.25,-0.8833,anonymous,EN,1,93,94,82,92,99,72,20,25,0,7,50,0,74,92,70,75,89,69,7,2,35,1,,7161,55d51a6b8ce09000127d4821,63d7d2051548733cba9719c6,6811f657115b814b42bd990e
2025-04-30 04:08:02,2025-04-30 04:12:24,0,74.122.59.34,100,262,1,2025-04-30 04:12:25,R_1P7DyjkohUTMB4c,,,,,37.751,-97.822,anonymous,EN,1,83,74,70,90,82,73,8,12,17,31,29,34,64,69,64,78,70,66,7,2,61,2,,1356,673b86ec4cdc9ba454e59d8e,63d7d2051548733cba9719c6,6811f677a212de6f1369b869
2025-04-30 04:08:35,2025-04-30 04:12:53,0,80.44.111.42,100,258,1,2025-04-30 04:12:54,R_8oIpKp6Jyn0EeSo,,,,,53.3858,-1.4616,anonymous,EN,1,94,100,76,100,100,50,0,100,0,0,100,15,54,100,52,50,100,72,1,2,55,1,,7800,6672d8e448c47131ea7bae78,63d7d2051548733cba9719c6,6811f688e811f8168c814e07
2025-04-30 04:09:00,2025-04-30 04:12:55,0,81.86.135.34,100,234,1,2025-04-30 04:12:55,R_8OCvytTwZhI32YV,,,,,51.5513,-0.4845,anonymous,EN,1,70,74,75,82,77,62,37,42,25,27,30,27,50,60,61,50,65,66,7,5,37,2,,8393,5cf765f7b026f40001fe1bc6,63d7d2051548733cba9719c6,6811f69a8f320a45129a55c5
2025-04-30 04:07:28,2025-04-30 04:12:58,0,86.109.84.104,100,330,1,2025-04-30 04:12:58,R_7115v0Yat5DjKze,,,,,35.2945,-78.0283,anonymous,EN,1,100,100,100,100,100,100,0,0,0,0,0,0,100,100,88,50,50,50,1,2,30,2,,9704,67d20620c8e4b6f823d6c3e4,63d7d2051548733cba9719c6,6811f65689039c66ae2f854a
2025-04-30 04:07:56,2025-04-30 04:13:04,0,62.6.135.229,100,308,1,2025-04-30 04:13:05,R_2YKTWVjBluGQNrD,,,,,57.4129,-6.1942,anonymous,EN,1,80,80,80,90,90,90,20,10,20,10,10,10,50,50,50,50,50,50,7,5,53,2,,1806,59a3b1a35fd74b0001abf9c1,63d7d2051548733cba9719c6,6811f66ad26d9e9308920573
2025-04-30 04:08:30,2025-04-30 04:13:14,0,136.63.15.156,100,283,1,2025-04-30 04:13:15,R_7shr3slE9bwb2zF,,,,,33.4342,-111.8454,anonymous,EN,1,99,100,89,100,100,93,5,17,6,12,37,19,82,87,84,86,100,81,7,2,40,2,,3062,67362a80370fe8f0357dc557,63d7d2051548733cba9719c6,6811f68bc281fcc4942f84e1
2025-04-30 04:07:51,2025-04-30 04:13:17,0,92.113.40.51,100,326,1,2025-04-30 04:13:17,R_7n94Xi2WEJTDDI5,,,,,40.7126,-74.0066,anonymous,EN,1,90,90,100,100,100,100,0,10,0,10,10,0,50,50,50,50,50,50,7,2,41,1,,3428,67edf767534b1f362987799b,63d7d2051548733cba9719c6,6811f666d6f3acfbe0a9137f
2025-04-30 04:08:00,2025-04-30 04:13:21,0,90.194.115.54,100,321,1,2025-04-30 04:13:22,R_2nduQ5IFsYmHvt7,,,,,55.9495,-3.1983,anonymous,EN,1,83,98,94,99,100,91,21,0,5,4,7,3,67,77,60,100,100,93,7,5,34,2,,1017,67cf0c983a4f33d03c5f955f,63d7d2051548733cba9719c6,6811f677e2d0bd630482fa62
2025-04-30 04:07:41,2025-04-30 04:13:25,0,148.252.147.174,100,344,1,2025-04-30 04:13:26,R_2P5Xotw0rPg2Buk,,,,,51.4964,-0.1224,anonymous,EN,1,100,72,70,79,80,60,0,26,0,0,30,0,50,80,65,50,100,65,7,5,32,1,,8581,5bb0f624a1c73d0001b9d62d,63d7d2051548733cba9719c6,6811f667430f1f8c5f376c40
2025-04-30 04:08:37,2025-04-30 04:13:26,0,174.208.37.192,100,289,1,2025-04-30 04:13:26,R_1FIB3LCqw5ZH7sc,,,,,42.9074,-78.8197,anonymous,EN,1,81,88,85,77,84,80,59,73,75,56,74,61,79,95,85,73,73,81,7,2,57,1,,2348,6775e4ab5642ec4c09a1a427,63d7d2051548733cba9719c6,6811f69295d9c87e1d1d9090
2025-04-30 04:07:38,2025-04-30 04:13:31,0,185.186.61.43,100,353,1,2025-04-30 04:13:32,R_1B3Scu2e5E1Hz6P,,,,,34.0609,-118.2414,anonymous,EN,1,84,81,76,91,89,91,11,14,12,14,10,12,73,66,67,83,87,84,7,2,37,2,,5465,67e6a14955e0c06b415f9049,63d7d2051548733cba9719c6,6811f65b3d5025a6ee984cec
2025-04-30 04:08:05,2025-04-30 04:13:40,0,62.49.8.118,100,334,1,2025-04-30 04:13:40,R_2Jy3iQRhJT5Ofgk,,,,,51.489,-0.1696,anonymous,EN,1,82,81,80,72,74,73,21,37,58,30,50,64,60,53,58,64,70,81,7,5,30,1,,7015,67139698ab79b82f8afd1e93,63d7d2051548733cba9719c6,6811f673e4a7d54eacda1f90
2025-04-30 04:08:01,2025-04-30 04:13:40,0,82.41.18.49,100,338,1,2025-04-30 04:13:40,R_1AWPR3znu2mV3Z9,,,,,52.323,-1.8952,anonymous,EN,1,100,100,100,100,100,100,0,0,0,0,0,0,100,100,100,100,100,100,2,5,50,2,,8857,680cd9984869e9ff8861efd7,63d7d2051548733cba9719c6,6811f6784cfadb184c626dbd
2025-04-30 04:08:42,2025-04-30 04:13:42,0,24.116.219.206,100,299,1,2025-04-30 04:13:42,R_6nYG0D4nuhDvcxb,,,,,42.8851,-112.4441,anonymous,EN,1,100,100,99,100,100,99,0,67,14,0,1,0,100,100,99,89,100,100,7,2,65,1,,9344,58642f4de16d530001b34622,63d7d2051548733cba9719c6,6811f680b8718625706497aa
2025-04-30 04:08:25,2025-04-30 04:13:44,0,109.156.39.207,100,318,1,2025-04-30 04:13:44,R_8trjVkw07H9xtpR,,,,,54.5252,-6.029,anonymous,EN,1,100,99,100,100,100,100,10,90,75,9,14,58,100,100,98,100,100,100,2,5,66,1,,6854,6287d42f330fa90651739a48,63d7d2051548733cba9719c6,6811f68a3224c2e65f7045fb
2025-04-30 04:08:10,2025-04-30 04:13:46,0,199.160.142.103,100,336,1,2025-04-30 04:13:47,R_1VC8ys1t1aeXg4N,,,,,39.0469,-77.4903,anonymous,EN,1,100,100,100,100,100,100,0,10,0,6,60,10,85,88,100,50,100,100,7,5,23,1,,6546,67f1fd87cc783cdf7a1e8b3e,63d7d2051548733cba9719c6,6811f65c8cb53abd79f0b2e8
2025-04-30 04:07:49,2025-04-30 04:13:53,0,104.218.199.2,100,363,1,2025-04-30 04:13:53,R_7IuQD7XsNWCBqwN,,,,,33.4532,-112.0748,anonymous,EN,1,100,100,100,100,100,100,0,0,0,0,5,0,50,50,78,50,50,50,7,2,37,1,,9212,67e1a90e93b0481befc7220d,63d7d2051548733cba9719c6,6811f667d2f7fd2e89cdb34d
2025-04-30 04:09:17,2025-04-30 04:13:54,0,185.124.63.244,100,276,1,2025-04-30 04:13:54,R_2YSwDPaymto2CgF,,,,,38.721,-75.0752,anonymous,EN,1,100,100,100,100,100,100,0,0,0,0,0,0,89,79,100,84,77,100,2,2,25,2,,2597,67d2c6354c499270925a7cec,63d7d2051548733cba9719c6,6811f6686ee2502d7163c02b
2025-04-30 04:08:04,2025-04-30 04:14:03,0,46.232.2.92,100,358,1,2025-04-30 04:14:03,R_14e1iMbul5JEopy,,,,,40.7126,-74.0066,anonymous,EN,1,100,100,100,100,100,100,0,0,0,0,0,0,81,85,85,90,90,90,7,5,51,1,,3289,67cc9634ddb63688d9c7eb1d,63d7d2051548733cba9719c6,6811f6659f0337fb7bcdb2f8
2025-04-30 04:08:26,2025-04-30 04:14:09,0,86.16.48.187,100,342,1,2025-04-30 04:14:09,R_2e44Kl5MdWbwzy6,,,,,52.519,-1.9094,anonymous,EN,1,94,91,92,99,94,76,4,2,3,7,16,7,69,78,28,66,82,87,7,5,42,1,,5712,5fbf90f025a567296d943c7e,63d7d2051548733cba9719c6,6811f669b31c92296f1a6a11
2025-04-30 04:08:13,2025-04-30 04:14:23,0,86.109.82.163,100,370,1,2025-04-30 04:14:24,R_7SGj49yYXRmSHEE,,,,,37.8117,-80.4434,anonymous,EN,1,89,92,69,98,86,57,10,8,4,0,10,23,50,50,46,50,50,61,7,2,58,1,,1477,67f169597b4bacd272f75fdf,63d7d2051548733cba9719c6,6811f65e9108bf1c6b137fc2
2025-04-30 04:07:56,2025-04-30 04:14:26,0,81.159.243.169,100,390,1,2025-04-30 04:14:26,R_2oR31ciySqVeuhZ,,,,,57.1453,-2.0945,anonymous,EN,1,100,91,94,93,95,95,1,11,9,5,6,14,58,70,68,50,50,50,7,2,29,1,,9587,671139a20b977d78ec2ac1e0,63d7d2051548733cba9719c6,6811f66d437113a6886c74fb
2025-04-30 04:07:45,2025-04-30 04:14:27,0,45.134.95.126,100,402,1,2025-04-30 04:14:27,R_16h9ayMSb2rFjbQ,,,,,37.751,-97.822,anonymous,EN,1,92,76,77,83,80,71,92,40,40,30,41,50,66,93,92,84,85,99,7,5,32,2,,8691,67d71d116086654c357b673b,63d7d2051548733cba9719c6,6811f660175380d992faf9d4
2025-04-30 04:07:43,2025-04-30 04:14:53,0,107.180.162.197,100,430,1,2025-04-30 04:14:53,R_7i5u04hSBx9Jicp,,,,,37.751,-97.822,anonymous,EN,1,80,90,90,95,90,98,10,100,10,5,95,5,80,80,85,85,80,85,7,2,42,1,,1935,67ad0f30d4440be202f6124e,63d7d2051548733cba9719c6,6811f666d26da3ba729946a6
2025-04-30 04:08:29,2025-04-30 04:14:54,0,80.47.226.92,100,384,1,2025-04-30 04:14:55,R_8EaDcd8f7sQ7za0,,,,,52.8794,-1.4819,anonymous,EN,1,100,100,100,100,100,100,4,16,16,0,0,7,100,100,100,100,98,100,7,5,28,2,,3706,67ea4c77ce4f00382b3d50de,63d7d2051548733cba9719c6,6811f6893b526bf53cdf5c7c
2025-04-30 04:08:23,2025-04-30 04:14:55,0,109.121.36.237,100,392,1,2025-04-30 04:14:56,R_1msyb5ye9v11mSl,,,,,40.7126,-74.0066,anonymous,EN,1,100,100,100,100,100,100,0,0,0,8,9,5,81,92,92,96,91,96,7,5,25,1,,7940,67df44ca830bd73a7d534815,63d7d2051548733cba9719c6,6811f664ea1242d119c9079a
2025-04-30 04:07:29,2025-04-30 04:15:00,0,195.38.81.49,100,451,1,2025-04-30 04:15:01,R_8XgPXD2mwcy24Fp,,,,,52.283,-0.8462,anonymous,EN,1,100,100,86,100,100,60,0,0,0,0,0,0,50,50,50,50,50,50,7,5,31,2,,1899,60d4558116de644bde568dde,63d7d2051548733cba9719c6,6811f656f7e23c8759294d92
2025-04-30 04:07:52,2025-04-30 04:15:04,0,149.18.55.0,100,432,1,2025-04-30 04:15:04,R_70OPuhws7uWYFc0,,,,,37.751,-97.822,anonymous,EN,1,90,92,92,90,85,78,10,13,12,1,8,11,59,62,63,53,53,46,7,2,30,2,,1424,67f2f9c1ecd8d9521942f8b8,63d7d2051548733cba9719c6,6811f667c56e2c1335ab496f
2025-04-30 04:07:55,2025-04-30 04:15:10,0,75.153.77.182,100,435,1,2025-04-30 04:15:10,R_6pQjBgONv6Niuxw,,,,,40.7503,-74.0014,anonymous,EN,1,84,86,86,90,80,93,14,19,20,6,11,10,59,71,61,70,74,73,7,5,24,1,,9977,67d52ac834c3139dd9e2aaf8,63d7d2051548733cba9719c6,6811f663f5c47b2290e75c28
2025-04-30 04:08:43,2025-04-30 04:15:14,0,212.32.123.81,100,390,1,2025-04-30 04:15:15,R_1RaUI6EOVtScDvH,,,,,37.751,-97.822,anonymous,EN,1,61,65,64,60,60,60,66,65,64,71,70,64,68,64,72,66,63,64,1,2,46,1,,3552,6633bd3bc5ec5e52e25592a4,63d7d2051548733cba9719c6,6811f68d1ea2158693ac8e0d
2025-04-30 04:08:33,2025-04-30 04:15:21,0,84.64.170.14,100,408,1,2025-04-30 04:15:21,R_8i5FMefzvdtPGJH,,,,,53.4809,-2.2374,anonymous,EN,1,99,90,90,100,98,50,10,50,50,1,89,50,50,90,90,50,90,90,7,2,61,2,,6926,5e19b24b2bf9512392d6dd90,63d7d2051548733cba9719c6,6811f6958cbd1a1a13b87a92
2025-04-30 04:08:19,2025-04-30 04:15:22,0,86.183.75.153,100,423,1,2025-04-30 04:15:23,R_8zqnivpXF1hhPOj,,,,,51.5552,-3.5675,anonymous,EN,1,77,93,75,75,92,75,37,87,38,37,82,34,60,92,71,61,92,76,7,2,48,1,,1068,58d0632c2fc72000011f8c57,63d7d2051548733cba9719c6,6811f68422b1641cf3c33920
2025-04-30 04:09:45,2025-04-30 04:15:38,0,86.140.108.58,100,353,1,2025-04-30 04:15:38,R_21Kk0P61c6xI0tg,,,,,51.4036,-0.7618,anonymous,EN,1,100,99,71,100,100,72,0,0,0,0,0,0,92,100,39,92,100,50,7,2,46,2,,7737,5df03fabc1ef790aa5595f8f,63d7d2051548733cba9719c6,6811f65af697c4ee01c1d64b
2025-04-30 04:07:53,2025-04-30 04:15:46,0,216.120.189.139,100,473,1,2025-04-30 04:15:46,R_2FDqGyiDz1xJ4hs,,,,,51.5081,-0.1278,anonymous,EN,1,74,79,40,82,81,62,4,19,33,12,29,37,64,39,54,55,51,47,7,2,30,1,,5946,67529d0aecb73bfe140d521f,63d7d2051548733cba9719c6,6811f665c4c6ea7211cff9ad
2025-04-30 04:07:40,2025-04-30 04:15:50,0,168.235.147.24,100,489,1,2025-04-30 04:15:51,R_7YkLj1tGfL2GhPM,,,,,33.9558,-118.3893,anonymous,EN,1,70,80,81,80,80,75,20,10,50,10,10,10,85,81,70,70,80,70,7,2,70,1,,1125,67cd81609854479842e0c8ee,63d7d2051548733cba9719c6,6811f65fa12116be00593da7
2025-04-30 04:08:20,2025-04-30 04:15:54,0,75.220.50.44,100,454,1,2025-04-30 04:15:55,R_5PzADEc3CR00V28,,,,,25.9524,-80.2184,anonymous,EN,1,100,100,100,100,100,98,7,8,6,13,16,14,83,72,81,78,81,76,7,2,48,2,,4413,67e9c73caada4a6aea341f5b,63d7d2051548733cba9719c6,6811f66e76ab25befb8f452f
2025-04-30 04:07:38,2025-04-30 04:16:01,0,23.182.129.12,100,502,1,2025-04-30 04:16:02,R_7upLhdzcLcjvSVS,,,,,37.751,-97.822,anonymous,EN,1,76,82,78,82,75,71,22,28,44,29,22,37,66,71,65,78,79,71,7,2,21,2,,7378,67d44f53496dbcdf95a2d2b2,63d7d2051548733cba9719c6,6811f65dbaa2ec46ddcff943
2025-04-30 04:08:08,2025-04-30 04:16:09,0,81.79.128.32,100,481,1,2025-04-30 04:16:09,R_22eZKhSXFgJFDfp,,,,,53.4367,-2.9652,anonymous,EN,1,100,100,100,80,64,72,0,10,3,0,1,7,66,55,43,59,55,58,1,5,45,1,,7712,66707ac83c3cc2f0ba74770f,63d7d2051548733cba9719c6,6811f6800b54c365132f9abe
2025-04-30 04:08:42,2025-04-30 04:16:21,0,137.195.66.103,100,458,1,2025-04-30 04:16:22,R_2M3sTjqlQXyJfKZ,,,,,55.8346,-3.055,anonymous,EN,1,95,100,80,100,100,85,5,65,5,5,95,5,86,100,65,80,100,65,7,5,43,1,,3209,5bb756696322c5000159756c,63d7d2051548733cba9719c6,6811f6a5da97ba95949a18e6
2025-04-30 04:07:42,2025-04-30 04:16:35,0,45.196.42.78,100,532,1,2025-04-30 04:16:35,R_1M6A7OdpypNaZCh,,,,,37.751,-97.822,anonymous,EN,1,90,90,70,90,90,80,20,30,20,20,30,22,60,70,60,60,72,60,7,2,35,2,,4740,67e6619a3bf0679ee4175214,63d7d2051548733cba9719c6,6811f65dcacd9d16b286733f
2025-04-30 04:08:51,2025-04-30 04:17:10,0,90.209.210.126,100,498,1,2025-04-30 04:17:10,R_8mw5YoxGD5LddGj,,,,,51.1285,0.2565,anonymous,EN,1,100,100,100,100,100,100,0,0,0,0,0,0,100,100,52,100,100,80,7,2,21,2,,9375,5f0db498f5e4e102c0f65b67,63d7d2051548733cba9719c6,6811f68d0006c73295b4b6ae
2025-04-30 04:09:46,2025-04-30 04:17:25,0,46.203.107.62,100,458,1,2025-04-30 04:17:25,R_5PYBvfgDXPgtG81,,,,,32.1111,-103.2015,anonymous,EN,1,100,100,91,90,100,90,0,0,0,0,19,0,60,91,39,60,100,60,7,2,29,1,,9584,67d33966fea5f5d3829871b3,63d7d2051548733cba9719c6,6811f66afabcc4d76f3e12f3
2025-04-30 04:08:19,2025-04-30 04:17:31,0,91.200.252.170,100,552,1,2025-04-30 04:17:32,R_2r0VRVs6ROYbm1B,,,,,53.4809,-2.2374,anonymous,EN,1,100,99,94,97,100,92,0,10,5,0,0,0,50,50,50,50,50,50,7,5,51,2,,2325,67c6c1b45188852598a474bf,63d7d2051548733cba9719c6,6811f68952a0bf7334814da5
2025-04-30 04:13:44,2025-04-30 04:17:35,0,216.120.189.73,100,230,1,2025-04-30 04:17:35,R_2oARm3Ppq0Rt0ng,,,,,51.5081,-0.1278,anonymous,EN,1,13,18,14,7,19,24,10,10,11,25,14,19,87,87,88,77,79,78,7,2,54,1,,4350,67323a74da6bebd682404f74,63d7d2051548733cba9719c6,6811f7d169535d50294dfa34
2025-04-30 04:13:56,2025-04-30 04:18:07,0,50.114.75.82,100,251,1,2025-04-30 04:18:07,R_6dsvezIWhOWt2VO,,,,,38.9609,-77.3429,anonymous,EN,1,100,100,100,100,100,100,0,0,0,0,25,10,50,50,80,50,50,70,7,2,21,2,,1834,66796effe38fac0691c3aa9d,63d7d2051548733cba9719c6,6811f6916d8c1e69c8fa8fc2
2025-04-30 04:08:21,2025-04-30 04:18:27,0,94.11.176.178,100,606,1,2025-04-30 04:18:28,R_8Eod6r4KuW8khls,,,,,51.5384,-0.039,anonymous,EN,1,100,90,91,100,90,90,10,55,5,10,64,6,60,91,60,60,90,61,7,2,61,1,,2987,6730f965beb7513190d2be93,63d7d2051548733cba9719c6,6811f671f23267fa133ccc83
2025-04-30 04:07:58,2025-04-30 04:18:30,0,144.208.94.56,100,631,1,2025-04-30 04:18:30,R_1dzruuY0J7tO1d6,,,,,39.9458,-74.9042,anonymous,EN,1,90,92,91,92,93,95,0,95,2,3,81,1,50,90,60,50,91,70,7,2,43,1,,6310,67ab43eecd011c12c0a9cb5d,63d7d2051548733cba9719c6,6811f669edfd7d7367c1039c
2025-04-30 04:08:23,2025-04-30 04:19:58,0,92.23.22.85,100,694,1,2025-04-30 04:19:58,R_822YOQqxnLbX0YW,,,,,52.9036,-1.265,anonymous,EN,1,98,95,90,95,90,85,5,65,30,10,70,90,50,100,80,50,100,85,7,2,51,2,,5669,647f87dfe5161fce9adc1b97,63d7d2051548733cba9719c6,6811f66d69f47ed4f171f43b
2025-04-30 04:12:33,2025-04-30 04:27:09,0,223.29.146.215,100,876,1,2025-04-30 04:27:10,R_7j5fVxC2dlb4TiF,,,,,37.751,-97.822,anonymous,EN,1,100,100,90,95,100,100,0,2,0,9,10,0,50,50,50,92,96,90,7,2,29,1,,9630,67ad5ba71d1960f3d0be7598,63d7d2051548733cba9719c6,6811f6a1580495266d537a84
2025-04-30 04:10:09,2025-04-30 04:34:07,0,161.8.175.46,100,1437,1,2025-04-30 04:34:07,R_7QxL8AUU7gl7FYn,,,,,37.751,-97.822,anonymous,EN,1,100,100,70,100,100,70,15,40,30,14,22,30,50,50,55,50,50,70,7,5,31,2,,2672,67dc6941353ed4995963a7b2,63d7d2051548733cba9719c6,6811f662e2c551a4a171f440
2025-04-30 04:18:19,2025-04-30 04:41:09,0,185.91.42.19,100,1370,1,2025-04-30 04:41:10,R_2IrQYE51oEfJzkB,,,,,51.6341,0.4163,anonymous,EN,1,82,86,78,87,74,88,12,66,82,10,85,36,52,76,76,50,90,75,7,2,31,1,,3572,5be1f57326f9ec00013f44e5,63d7d2051548733cba9719c6,6811f8e24bef9643aca52c2f
2025-04-30 04:08:23,2025-04-30 04:43:25,0,86.27.152.14,100,2102,1,2025-04-30 04:43:26,R_2LhchNvRGPLON3j,,,,,52.8794,-1.4819,anonymous,EN,1,65,68,67,74,66,80,64,73,73,72,61,76,71,78,79,70,68,79,6,2,28,2,,9322,65aa885fd9617a14cd78a826,63d7d2051548733cba9719c6,6811f68f55b32247fc491aa4
